"filename", "language", "Python", "C++", "XML", "Markdown", "Shell Script", "CMake", "Makefile", "Docker", "Objective-C", "YAML", "comment", "blank", "total"
"m:\培养方案\论文\2026\FAST_LIO2_noted-main\FAST-LIO\CMakeLists.txt", "CMake", 0, 0, 0, 0, 0, 74, 0, 0, 0, 0, 0, 15, 89
"m:\培养方案\论文\2026\FAST_LIO2_noted-main\FAST-LIO\Log\fast_lio_time_log_analysis.m", "Objective-C", 0, 0, 0, 0, 0, 0, 0, 0, 123, 0, 0, 13, 136
"m:\培养方案\论文\2026\FAST_LIO2_noted-main\FAST-LIO\Log\guide.md", "Markdown", 0, 0, 0, 1, 0, 0, 0, 0, 0, 0, 0, 1, 2
"m:\培养方案\论文\2026\FAST_LIO2_noted-main\FAST-LIO\Log\plot.py", "Python", 40, 0, 0, 0, 0, 0, 0, 0, 0, 0, 47, 8, 95
"m:\培养方案\论文\2026\FAST_LIO2_noted-main\FAST-LIO\README.md", "Markdown", 0, 0, 0, 134, 0, 0, 0, 0, 0, 0, 7, 51, 192
"m:\培养方案\论文\2026\FAST_LIO2_noted-main\FAST-LIO\config\avia.yaml", "YAML", 0, 0, 0, 0, 0, 0, 0, 0, 0, 23, 1, 3, 27
"m:\培养方案\论文\2026\FAST_LIO2_noted-main\FAST-LIO\config\horizon.yaml", "YAML", 0, 0, 0, 0, 0, 0, 0, 0, 0, 23, 0, 3, 26
"m:\培养方案\论文\2026\FAST_LIO2_noted-main\FAST-LIO\config\ouster64.yaml", "YAML", 0, 0, 0, 0, 0, 0, 0, 0, 0, 23, 0, 3, 26
"m:\培养方案\论文\2026\FAST_LIO2_noted-main\FAST-LIO\config\ouster64_mulran.yaml", "YAML", 0, 0, 0, 0, 0, 0, 0, 0, 0, 23, 0, 4, 27
"m:\培养方案\论文\2026\FAST_LIO2_noted-main\FAST-LIO\config\velodyne.yaml", "YAML", 0, 0, 0, 0, 0, 0, 0, 0, 0, 23, 0, 3, 26
"m:\培养方案\论文\2026\FAST_LIO2_noted-main\FAST-LIO\doc\overview_fastlio2.svg", "XML", 0, 0, 3318, 0, 0, 0, 0, 0, 0, 0, 0, 1, 3319
"m:\培养方案\论文\2026\FAST_LIO2_noted-main\FAST-LIO\include\Exp_mat.h", "C++", 0, 66, 0, 0, 0, 0, 0, 0, 0, 0, 22, 16, 104
"m:\培养方案\论文\2026\FAST_LIO2_noted-main\FAST-LIO\include\IKFoM_toolkit\esekfom\esekfom.hpp", "C++", 0, 1823, 0, 0, 0, 0, 0, 0, 0, 0, 229, 151, 2203
"m:\培养方案\论文\2026\FAST_LIO2_noted-main\FAST-LIO\include\IKFoM_toolkit\esekfom\util.hpp", "C++", 0, 41, 0, 0, 0, 0, 0, 0, 0, 0, 33, 9, 83
"m:\培养方案\论文\2026\FAST_LIO2_noted-main\FAST-LIO\include\IKFoM_toolkit\mtk\build_manifold.hpp", "C++", 0, 107, 0, 0, 0, 0, 0, 0, 0, 0, 100, 23, 230
"m:\培养方案\论文\2026\FAST_LIO2_noted-main\FAST-LIO\include\IKFoM_toolkit\mtk\src\SubManifold.hpp", "C++", 0, 17, 0, 0, 0, 0, 0, 0, 0, 0, 90, 17, 124
"m:\培养方案\论文\2026\FAST_LIO2_noted-main\FAST-LIO\include\IKFoM_toolkit\mtk\src\mtkmath.hpp", "C++", 0, 148, 0, 0, 0, 0, 0, 0, 0, 0, 104, 43, 295
"m:\培养方案\论文\2026\FAST_LIO2_noted-main\FAST-LIO\include\IKFoM_toolkit\mtk\src\vectview.hpp", "C++", 0, 74, 0, 0, 0, 0, 0, 0, 0, 0, 77, 18, 169
"m:\培养方案\论文\2026\FAST_LIO2_noted-main\FAST-LIO\include\IKFoM_toolkit\mtk\startIdx.hpp", "C++", 0, 170, 0, 0, 0, 0, 0, 0, 0, 0, 121, 38, 329
"m:\培养方案\论文\2026\FAST_LIO2_noted-main\FAST-LIO\include\IKFoM_toolkit\mtk\types\S2.hpp", "C++", 0, 195, 0, 0, 0, 0, 0, 0, 0, 0, 84, 38, 317
"m:\培养方案\论文\2026\FAST_LIO2_noted-main\FAST-LIO\include\IKFoM_toolkit\mtk\types\SOn.hpp", "C++", 0, 143, 0, 0, 0, 0, 0, 0, 0, 0, 128, 47, 318
"m:\培养方案\论文\2026\FAST_LIO2_noted-main\FAST-LIO\include\IKFoM_toolkit\mtk\types\vect.hpp", "C++", 0, 287, 0, 0, 0, 0, 0, 0, 0, 0, 103, 72, 462
"m:\培养方案\论文\2026\FAST_LIO2_noted-main\FAST-LIO\include\IKFoM_toolkit\mtk\types\wrapped_cv_mat.hpp", "C++", 0, 59, 0, 0, 0, 0, 0, 0, 0, 0, 39, 16, 114
"m:\培养方案\论文\2026\FAST_LIO2_noted-main\FAST-LIO\include\common_lib.h", "C++", 0, 224, 0, 0, 0, 0, 0, 0, 0, 0, 8, 31, 263
"m:\培养方案\论文\2026\FAST_LIO2_noted-main\FAST-LIO\include\ikd-Tree\README.md", "Markdown", 0, 0, 0, 2, 0, 0, 0, 0, 0, 0, 0, 1, 3
"m:\培养方案\论文\2026\FAST_LIO2_noted-main\FAST-LIO\include\ikd-Tree\ikd_Tree.cpp", "C++", 0, 1686, 0, 0, 0, 0, 0, 0, 0, 0, 279, 62, 2027
"m:\培养方案\论文\2026\FAST_LIO2_noted-main\FAST-LIO\include\ikd-Tree\ikd_Tree.h", "C++", 0, 188, 0, 0, 0, 0, 0, 0, 0, 0, 11, 17, 216
"m:\培养方案\论文\2026\FAST_LIO2_noted-main\FAST-LIO\include\matplotlibcpp.h", "C++", 0, 1814, 0, 0, 0, 0, 0, 0, 0, 0, 113, 573, 2500
"m:\培养方案\论文\2026\FAST_LIO2_noted-main\FAST-LIO\include\so3_math.h", "C++", 0, 93, 0, 0, 0, 0, 0, 0, 0, 0, 4, 15, 112
"m:\培养方案\论文\2026\FAST_LIO2_noted-main\FAST-LIO\include\use-ikfom.hpp", "C++", 0, 96, 0, 0, 0, 0, 0, 0, 0, 0, 15, 11, 122
"m:\培养方案\论文\2026\FAST_LIO2_noted-main\FAST-LIO\launch\gdb_debug_example.launch", "XML", 0, 0, 15, 0, 0, 0, 0, 0, 0, 0, 3, 5, 23
"m:\培养方案\论文\2026\FAST_LIO2_noted-main\FAST-LIO\launch\mapping_avia.launch", "XML", 0, 0, 19, 0, 0, 0, 0, 0, 0, 0, 2, 7, 28
"m:\培养方案\论文\2026\FAST_LIO2_noted-main\FAST-LIO\launch\mapping_horizon.launch", "XML", 0, 0, 18, 0, 0, 0, 0, 0, 0, 0, 1, 5, 24
"m:\培养方案\论文\2026\FAST_LIO2_noted-main\FAST-LIO\launch\mapping_ouster64.launch", "XML", 0, 0, 18, 0, 0, 0, 0, 0, 0, 0, 1, 6, 25
"m:\培养方案\论文\2026\FAST_LIO2_noted-main\FAST-LIO\launch\mapping_ouster64_mulran.launch", "XML", 0, 0, 18, 0, 0, 0, 0, 0, 0, 0, 1, 7, 26
"m:\培养方案\论文\2026\FAST_LIO2_noted-main\FAST-LIO\launch\mapping_velodyne.launch", "XML", 0, 0, 18, 0, 0, 0, 0, 0, 0, 0, 1, 5, 24
"m:\培养方案\论文\2026\FAST_LIO2_noted-main\FAST-LIO\package.xml", "XML", 0, 0, 39, 0, 0, 0, 0, 0, 0, 0, 0, 9, 48
"m:\培养方案\论文\2026\FAST_LIO2_noted-main\FAST-LIO\src\IMU_Processing.hpp", "C++", 0, 291, 0, 0, 0, 0, 0, 0, 0, 0, 82, 55, 428
"m:\培养方案\论文\2026\FAST_LIO2_noted-main\FAST-LIO\src\laserMapping.cpp", "C++", 0, 831, 0, 0, 0, 0, 0, 0, 0, 0, 229, 102, 1162
"m:\培养方案\论文\2026\FAST_LIO2_noted-main\FAST-LIO\src\preprocess.cpp", "C++", 0, 769, 0, 0, 0, 0, 0, 0, 0, 0, 154, 87, 1010
"m:\培养方案\论文\2026\FAST_LIO2_noted-main\FAST-LIO\src\preprocess.h", "C++", 0, 126, 0, 0, 0, 0, 0, 0, 0, 0, 16, 19, 161
"m:\培养方案\论文\2026\FAST_LIO2_noted-main\README.md", "Markdown", 0, 0, 0, 46, 0, 0, 0, 0, 0, 0, 0, 19, 65
"m:\培养方案\论文\2026\FAST_LIO2_noted-main\SC-PGO\CMakeLists.txt", "CMake", 0, 0, 0, 0, 0, 57, 0, 0, 0, 0, 0, 17, 74
"m:\培养方案\论文\2026\FAST_LIO2_noted-main\SC-PGO\README.md", "Markdown", 0, 0, 0, 81, 0, 0, 0, 0, 0, 0, 0, 20, 101
"m:\培养方案\论文\2026\FAST_LIO2_noted-main\SC-PGO\docker\Dockerfile", "Docker", 0, 0, 0, 0, 0, 0, 0, 45, 0, 0, 10, 6, 61
"m:\培养方案\论文\2026\FAST_LIO2_noted-main\SC-PGO\docker\Makefile", "Makefile", 0, 0, 0, 0, 0, 0, 12, 0, 0, 0, 1, 4, 17
"m:\培养方案\论文\2026\FAST_LIO2_noted-main\SC-PGO\docker\run.sh", "Shell Script", 0, 0, 0, 0, 77, 0, 0, 0, 0, 0, 6, 8, 91
"m:\培养方案\论文\2026\FAST_LIO2_noted-main\SC-PGO\include\aloam_velodyne\common.h", "C++", 0, 20, 0, 0, 0, 0, 0, 0, 0, 0, 32, 10, 62
"m:\培养方案\论文\2026\FAST_LIO2_noted-main\SC-PGO\include\aloam_velodyne\tic_toc.h", "C++", 0, 55, 0, 0, 0, 0, 0, 0, 0, 0, 2, 12, 69
"m:\培养方案\论文\2026\FAST_LIO2_noted-main\SC-PGO\include\scancontext\KDTreeVectorOfVectorsAdaptor.h", "C++", 0, 46, 0, 0, 0, 0, 0, 0, 0, 0, 53, 19, 118
"m:\培养方案\论文\2026\FAST_LIO2_noted-main\SC-PGO\include\scancontext\Scancontext.cpp", "C++", 0, 290, 0, 0, 0, 0, 0, 0, 0, 0, 38, 101, 429
"m:\培养方案\论文\2026\FAST_LIO2_noted-main\SC-PGO\include\scancontext\Scancontext.h", "C++", 0, 77, 0, 0, 0, 0, 0, 0, 0, 0, 15, 34, 126
"m:\培养方案\论文\2026\FAST_LIO2_noted-main\SC-PGO\include\scancontext\nanoflann.hpp", "C++", 0, 1158, 0, 0, 0, 0, 0, 0, 0, 0, 650, 233, 2041
"m:\培养方案\论文\2026\FAST_LIO2_noted-main\SC-PGO\launch\aloam_mulran.launch", "XML", 0, 0, 21, 0, 0, 0, 0, 0, 0, 0, 9, 12, 42
"m:\培养方案\论文\2026\FAST_LIO2_noted-main\SC-PGO\launch\aloam_velodyne_HDL_32.launch", "XML", 0, 0, 20, 0, 0, 0, 0, 0, 0, 0, 6, 11, 37
"m:\培养方案\论文\2026\FAST_LIO2_noted-main\SC-PGO\launch\aloam_velodyne_HDL_64.launch", "XML", 0, 0, 20, 0, 0, 0, 0, 0, 0, 0, 6, 11, 37
"m:\培养方案\论文\2026\FAST_LIO2_noted-main\SC-PGO\launch\aloam_velodyne_VLP_16.launch", "XML", 0, 0, 22, 0, 0, 0, 0, 0, 0, 0, 8, 12, 42
"m:\培养方案\论文\2026\FAST_LIO2_noted-main\SC-PGO\launch\fastlio_ouster64.launch", "XML", 0, 0, 20, 0, 0, 0, 0, 0, 0, 0, 11, 14, 45
"m:\培养方案\论文\2026\FAST_LIO2_noted-main\SC-PGO\launch\kitti_helper.launch", "XML", 0, 0, 9, 0, 0, 0, 0, 0, 0, 0, 0, 2, 11
"m:\培养方案\论文\2026\FAST_LIO2_noted-main\SC-PGO\package.xml", "XML", 0, 0, 35, 0, 0, 0, 0, 0, 0, 0, 0, 8, 43
"m:\培养方案\论文\2026\FAST_LIO2_noted-main\SC-PGO\src\kittiHelper.cpp", "C++", 0, 151, 0, 0, 0, 0, 0, 0, 0, 0, 3, 27, 181
"m:\培养方案\论文\2026\FAST_LIO2_noted-main\SC-PGO\src\laserMapping.cpp", "C++", 0, 707, 0, 0, 0, 0, 0, 0, 0, 0, 112, 134, 953
"m:\培养方案\论文\2026\FAST_LIO2_noted-main\SC-PGO\src\laserOdometry.cpp", "C++", 0, 426, 0, 0, 0, 0, 0, 0, 0, 0, 74, 102, 602
"m:\培养方案\论文\2026\FAST_LIO2_noted-main\SC-PGO\src\laserPosegraphOptimization.cpp", "C++", 0, 646, 0, 0, 0, 0, 0, 0, 0, 0, 45, 141, 832
"m:\培养方案\论文\2026\FAST_LIO2_noted-main\SC-PGO\src\lidarFactor.hpp", "C++", 0, 132, 0, 0, 0, 0, 0, 0, 0, 0, 6, 34, 172
"m:\培养方案\论文\2026\FAST_LIO2_noted-main\SC-PGO\src\scanRegistration.cpp", "C++", 0, 391, 0, 0, 0, 0, 0, 0, 0, 0, 47, 80, 518
"m:\培养方案\论文\2026\FAST_LIO2_noted-main\SC-PGO\utils\python\makeMergedMap.py", "Python", 96, 0, 0, 0, 0, 0, 0, 0, 0, 0, 16, 48, 160
"m:\培养方案\论文\2026\FAST_LIO2_noted-main\SC-PGO\utils\python\pypcdMyUtils.py", "Python", 27, 0, 0, 0, 0, 0, 0, 0, 0, 0, 4, 2, 33
"Total", "-", 163, 13347, 3610, 264, 77, 131, 12, 45, 123, 115, 3259, 2731, 23877